SQL> set pages 30;
SQL> set lines 1000;
SQL> select * from emp;

     EMPNO ENAME      JOB               SAL       COMM        MGR HIREDATE      DEPTNO                                                                                                                                                                                                                                                                                                                                                                                                                                                                                                                                                                                                                                                                                                                                                                                                                                                                                                                                                  
---------- ---------- ---------- ---------- ---------- ---------- --------- ----------                                                                                                                                                                                                                                                                                                                                                                                                                                                                                                                                                                                                                                                                                                                                                                                                                                                                                                                                                  
       101 VEER       MANAGER         35000        500        105 01-JAN-91         10                                                                                                                                                                                                                                                                                                                                                                                                                                                                                                                                                                                                                                                                                                                                                                                                                                                                                                                                                  
       102 YASH       MANAGER         25000        400        105 15-JUN-95         20                                                                                                                                                                                                                                                                                                                                                                                                                                                                                                                                                                                                                                                                                                                                                                                                                                                                                                                                                  
       103 HARSH      MANAGER         30000        500        105 25-APR-93         30                                                                                                                                                                                                                                                                                                                                                                                                                                                                                                                                                                                                                                                                                                                                                                                                                                                                                                                                                  
       104 NAMAN      DEVELOPER       32000        300        101 21-MAR-91         10                                                                                                                                                                                                                                                                                                                                                                                                                                                                                                                                                                                                                                                                                                                                                                                                                                                                                                                                                  
       105 AMAN       CEO             50000        900        105 01-JAN-91         10                                                                                                                                                                                                                                                                                                                                                                                                                                                                                                                                                                                                                                                                                                                                                                                                                                                                                                                                                  
       106 ABHI       DEVELOPER       28000        300        102 01-MAR-91         20                                                                                                                                                                                                                                                                                                                                                                                                                                                                                                                                                                                                                                                                                                                                                                                                                                                                                                                                                  
       107 ABHISHEK   DESIGNER        22000        200        106 14-MAR-92         30                                                                                                                                                                                                                                                                                                                                                                                                                                                                                                                                                                                                                                                                                                                                                                                                                                                                                                                                                  
       108 ABHINAV    DESIGNER        18000        100        106 24-MAR-92         10                                                                                                                                                                                                                                                                                                                                                                                                                                                                                                                                                                                                                                                                                                                                                                                                                                                                                                                                                  
       109 VIKAS      CLERK           12000        100        104 24-SEP-91         20                                                                                                                                                                                                                                                                                                                                                                                                                                                                                                                                                                                                                                                                                                                                                                                                                                                                                                                                                  
       110 VINAY      CLERK            8000        100        102 24-SEP-92         30                                                                                                                                                                                                                                                                                                                                                                                                                                                                                                                                                                                                                                                                                                                                                                                                                                                                                                                                                  
       111 VIJAY      manager         18000        100        105 24-SEP-92         10                                                                                                                                                                                                                                                                                                                                                                                                                                                                                                                                                                                                                                                                                                                                                                                                                                                                                                                                                  
       112 harshita   manager         25000        200        105                                                                                                                                                                                                                                                                                                                                                                                                                                                                                                                                                                                                                                                                                                                                                                                                                                                                                                                                                                       

12 rows selected.

SQL> ed
Wrote file afiedt.buf

  1* select * from emp where deptno=&dno
SQL> /
Enter value for dno: 10
old   1: select * from emp where deptno=&dno
new   1: select * from emp where deptno=10

     EMPNO ENAME      JOB               SAL       COMM        MGR HIREDATE      DEPTNO                                                                                                                                                                                                                                                                                                                                                                                                                                                                                                                                                                                                                                                                                                                                                                                                                                                                                                                                                  
---------- ---------- ---------- ---------- ---------- ---------- --------- ----------                                                                                                                                                                                                                                                                                                                                                                                                                                                                                                                                                                                                                                                                                                                                                                                                                                                                                                                                                  
       101 VEER       MANAGER         35000        500        105 01-JAN-91         10                                                                                                                                                                                                                                                                                                                                                                                                                                                                                                                                                                                                                                                                                                                                                                                                                                                                                                                                                  
       104 NAMAN      DEVELOPER       32000        300        101 21-MAR-91         10                                                                                                                                                                                                                                                                                                                                                                                                                                                                                                                                                                                                                                                                                                                                                                                                                                                                                                                                                  
       105 AMAN       CEO             50000        900        105 01-JAN-91         10                                                                                                                                                                                                                                                                                                                                                                                                                                                                                                                                                                                                                                                                                                                                                                                                                                                                                                                                                  
       108 ABHINAV    DESIGNER        18000        100        106 24-MAR-92         10                                                                                                                                                                                                                                                                                                                                                                                                                                                                                                                                                                                                                                                                                                                                                                                                                                                                                                                                                  
       111 VIJAY      manager         18000        100        105 24-SEP-92         10                                                                                                                                                                                                                                                                                                                                                                                                                                                                                                                                                                                                                                                                                                                                                                                                                                                                                                                                                  

SQL> /
Enter value for dno: 20
old   1: select * from emp where deptno=&dno
new   1: select * from emp where deptno=20

     EMPNO ENAME      JOB               SAL       COMM        MGR HIREDATE      DEPTNO                                                                                                                                                                                                                                                                                                                                                                                                                                                                                                                                                                                                                                                                                                                                                                                                                                                                                                                                                  
---------- ---------- ---------- ---------- ---------- ---------- --------- ----------                                                                                                                                                                                                                                                                                                                                                                                                                                                                                                                                                                                                                                                                                                                                                                                                                                                                                                                                                  
       102 YASH       MANAGER         25000        400        105 15-JUN-95         20                                                                                                                                                                                                                                                                                                                                                                                                                                                                                                                                                                                                                                                                                                                                                                                                                                                                                                                                                  
       106 ABHI       DEVELOPER       28000        300        102 01-MAR-91         20                                                                                                                                                                                                                                                                                                                                                                                                                                                                                                                                                                                                                                                                                                                                                                                                                                                                                                                                                  
       109 VIKAS      CLERK           12000        100        104 24-SEP-91         20                                                                                                                                                                                                                                                                                                                                                                                                                                                                                                                                                                                                                                                                                                                                                                                                                                                                                                                                                  

SQL> /
Enter value for dno: 30
old   1: select * from emp where deptno=&dno
new   1: select * from emp where deptno=30

     EMPNO ENAME      JOB               SAL       COMM        MGR HIREDATE      DEPTNO                                                                                                                                                                                                                                                                                                                                                                                                                                                                                                                                                                                                                                                                                                                                                                                                                                                                                                                                                  
---------- ---------- ---------- ---------- ---------- ---------- --------- ----------                                                                                                                                                                                                                                                                                                                                                                                                                                                                                                                                                                                                                                                                                                                                                                                                                                                                                                                                                  
       103 HARSH      MANAGER         30000        500        105 25-APR-93         30                                                                                                                                                                                                                                                                                                                                                                                                                                                                                                                                                                                                                                                                                                                                                                                                                                                                                                                                                  
       107 ABHISHEK   DESIGNER        22000        200        106 14-MAR-92         30                                                                                                                                                                                                                                                                                                                                                                                                                                                                                                                                                                                                                                                                                                                                                                                                                                                                                                                                                  
       110 VINAY      CLERK            8000        100        102 24-SEP-92         30                                                                                                                                                                                                                                                                                                                                                                                                                                                                                                                                                                                                                                                                                                                                                                                                                                                                                                                                                  

SQL> ed
Wrote file afiedt.buf

  1* select * from emp where &con
SQL> /
Enter value for con: sal>25000
old   1: select * from emp where &con
new   1: select * from emp where sal>25000

     EMPNO ENAME      JOB               SAL       COMM        MGR HIREDATE      DEPTNO                                                                                                                                                                                                                                                                                                                                                                                                                                                                                                                                                                                                                                                                                                                                                                                                                                                                                                                                                  
---------- ---------- ---------- ---------- ---------- ---------- --------- ----------                                                                                                                                                                                                                                                                                                                                                                                                                                                                                                                                                                                                                                                                                                                                                                                                                                                                                                                                                  
       101 VEER       MANAGER         35000        500        105 01-JAN-91         10                                                                                                                                                                                                                                                                                                                                                                                                                                                                                                                                                                                                                                                                                                                                                                                                                                                                                                                                                  
       103 HARSH      MANAGER         30000        500        105 25-APR-93         30                                                                                                                                                                                                                                                                                                                                                                                                                                                                                                                                                                                                                                                                                                                                                                                                                                                                                                                                                  
       104 NAMAN      DEVELOPER       32000        300        101 21-MAR-91         10                                                                                                                                                                                                                                                                                                                                                                                                                                                                                                                                                                                                                                                                                                                                                                                                                                                                                                                                                  
       105 AMAN       CEO             50000        900        105 01-JAN-91         10                                                                                                                                                                                                                                                                                                                                                                                                                                                                                                                                                                                                                                                                                                                                                                                                                                                                                                                                                  
       106 ABHI       DEVELOPER       28000        300        102 01-MAR-91         20                                                                                                                                                                                                                                                                                                                                                                                                                                                                                                                                                                                                                                                                                                                                                                                                                                                                                                                                                  

SQL> /
Enter value for con: sal>25000 and deptno=10 and upper(job)='MANAGER';
old   1: select * from emp where &con
new   1: select * from emp where sal>25000 and deptno=10 and upper(job)='MANAGER';
select * from emp where sal>25000 and deptno=10 and upper(job)='MANAGER';
                                                                        *
ERROR at line 1:
ORA-00911: invalid character 


SQL> sal>25000 and deptno=10 and upper(job)='MANAGER'
SP2-0734: unknown command beginning "sal>25000 ..." - rest of line ignored.
SQL> /
Enter value for con: sal>25000 and deptno=10 and upper(job)='MANAGER'
old   1: select * from emp where &con
new   1: select * from emp where sal>25000 and deptno=10 and upper(job)='MANAGER'

     EMPNO ENAME      JOB               SAL       COMM        MGR HIREDATE      DEPTNO                                                                                                                                                                                                                                                                                                                                                                                                                                                                                                                                                                                                                                                                                                                                                                                                                                                                                                                                                  
---------- ---------- ---------- ---------- ---------- ---------- --------- ----------                                                                                                                                                                                                                                                                                                                                                                                                                                                                                                                                                                                                                                                                                                                                                                                                                                                                                                                                                  
       101 VEER       MANAGER         35000        500        105 01-JAN-91         10                                                                                                                                                                                                                                                                                                                                                                                                                                                                                                                                                                                                                                                                                                                                                                                                                                                                                                                                                  

SQL> ed
Wrote file afiedt.buf

  1* select * from emp where &pp
SQL> /
Enter value for pp: deptno=10 and upper(job)='MANAGER'
old   1: select * from emp where &pp
new   1: select * from emp where deptno=10 and upper(job)='MANAGER'

     EMPNO ENAME      JOB               SAL       COMM        MGR HIREDATE      DEPTNO                                                                                                                                                                                                                                                                                                                                                                                                                                                                                                                                                                                                                                                                                                                                                                                                                                                                                                                                                  
---------- ---------- ---------- ---------- ---------- ---------- --------- ----------                                                                                                                                                                                                                                                                                                                                                                                                                                                                                                                                                                                                                                                                                                                                                                                                                                                                                                                                                  
       101 VEER       MANAGER         35000        500        105 01-JAN-91         10                                                                                                                                                                                                                                                                                                                                                                                                                                                                                                                                                                                                                                                                                                                                                                                                                                                                                                                                                  
       111 VIJAY      manager         18000        100        105 24-SEP-92         10                                                                                                                                                                                                                                                                                                                                                                                                                                                                                                                                                                                                                                                                                                                                                                                                                                                                                                                                                  

SQL> ed
Wrote file afiedt.buf

  1* select &col1,&col2 from emp
SQL> /
Enter value for col1: ename
Enter value for col2: job
old   1: select &col1,&col2 from emp
new   1: select ename,job from emp

ENAME      JOB                                                                                                                                                                                                                                                                                                                                                                                                                                                                                                                                                                                                                                                                                                                                                                                                                                                                                                                                                                                                                          
---------- ----------                                                                                                                                                                                                                                                                                                                                                                                                                                                                                                                                                                                                                                                                                                                                                                                                                                                                                                                                                                                                                   
VEER       MANAGER                                                                                                                                                                                                                                                                                                                                                                                                                                                                                                                                                                                                                                                                                                                                                                                                                                                                                                                                                                                                                      
YASH       MANAGER                                                                                                                                                                                                                                                                                                                                                                                                                                                                                                                                                                                                                                                                                                                                                                                                                                                                                                                                                                                                                      
HARSH      MANAGER                                                                                                                                                                                                                                                                                                                                                                                                                                                                                                                                                                                                                                                                                                                                                                                                                                                                                                                                                                                                                      
NAMAN      DEVELOPER                                                                                                                                                                                                                                                                                                                                                                                                                                                                                                                                                                                                                                                                                                                                                                                                                                                                                                                                                                                                                    
AMAN       CEO                                                                                                                                                                                                                                                                                                                                                                                                                                                                                                                                                                                                                                                                                                                                                                                                                                                                                                                                                                                                                          
ABHI       DEVELOPER                                                                                                                                                                                                                                                                                                                                                                                                                                                                                                                                                                                                                                                                                                                                                                                                                                                                                                                                                                                                                    
ABHISHEK   DESIGNER                                                                                                                                                                                                                                                                                                                                                                                                                                                                                                                                                                                                                                                                                                                                                                                                                                                                                                                                                                                                                     
ABHINAV    DESIGNER                                                                                                                                                                                                                                                                                                                                                                                                                                                                                                                                                                                                                                                                                                                                                                                                                                                                                                                                                                                                                     
VIKAS      CLERK                                                                                                                                                                                                                                                                                                                                                                                                                                                                                                                                                                                                                                                                                                                                                                                                                                                                                                                                                                                                                        
VINAY      CLERK                                                                                                                                                                                                                                                                                                                                                                                                                                                                                                                                                                                                                                                                                                                                                                                                                                                                                                                                                                                                                        
VIJAY      manager                                                                                                                                                                                                                                                                                                                                                                                                                                                                                                                                                                                                                                                                                                                                                                                                                                                                                                                                                                                                                      
harshita   manager                                                                                                                                                                                                                                                                                                                                                                                                                                                                                                                                                                                                                                                                                                                                                                                                                                                                                                                                                                                                                      

12 rows selected.

SQL> ed
Wrote file afiedt.buf

  1* select * from emp where empno=&eno
SQL> /
Enter value for eno: 101
old   1: select * from emp where empno=&eno
new   1: select * from emp where empno=101

     EMPNO ENAME      JOB               SAL       COMM        MGR HIREDATE      DEPTNO                                                                                                                                                                                                                                                                                                                                                                                                                                                                                                                                                                                                                                                                                                                                                                                                                                                                                                                                                  
---------- ---------- ---------- ---------- ---------- ---------- --------- ----------                                                                                                                                                                                                                                                                                                                                                                                                                                                                                                                                                                                                                                                                                                                                                                                                                                                                                                                                                  
       101 VEER       MANAGER         35000        500        105 01-JAN-91         10                                                                                                                                                                                                                                                                                                                                                                                                                                                                                                                                                                                                                                                                                                                                                                                                                                                                                                                                                  

SQL> /
Enter value for eno: 102
old   1: select * from emp where empno=&eno
new   1: select * from emp where empno=102

     EMPNO ENAME      JOB               SAL       COMM        MGR HIREDATE      DEPTNO                                                                                                                                                                                                                                                                                                                                                                                                                                                                                                                                                                                                                                                                                                                                                                                                                                                                                                                                                  
---------- ---------- ---------- ---------- ---------- ---------- --------- ----------                                                                                                                                                                                                                                                                                                                                                                                                                                                                                                                                                                                                                                                                                                                                                                                                                                                                                                                                                  
       102 YASH       MANAGER         25000        400        105 15-JUN-95         20                                                                                                                                                                                                                                                                                                                                                                                                                                                                                                                                                                                                                                                                                                                                                                                                                                                                                                                                                  

SQL> /
Enter value for eno: 103
old   1: select * from emp where empno=&eno
new   1: select * from emp where empno=103

     EMPNO ENAME      JOB               SAL       COMM        MGR HIREDATE      DEPTNO                                                                                                                                                                                                                                                                                                                                                                                                                                                                                                                                                                                                                                                                                                                                                                                                                                                                                                                                                  
---------- ---------- ---------- ---------- ---------- ---------- --------- ----------                                                                                                                                                                                                                                                                                                                                                                                                                                                                                                                                                                                                                                                                                                                                                                                                                                                                                                                                                  
       103 HARSH      MANAGER         30000        500        105 25-APR-93         30                                                                                                                                                                                                                                                                                                                                                                                                                                                                                                                                                                                                                                                                                                                                                                                                                                                                                                                                                  

SQL> ed
Wrote file afiedt.buf

  1* select * from emp where &con
SQL> /
Enter value for con: sal>=25000 and sal<=35000
old   1: select * from emp where &con
new   1: select * from emp where sal>=25000 and sal<=35000

     EMPNO ENAME      JOB               SAL       COMM        MGR HIREDATE      DEPTNO                                                                                                                                                                                                                                                                                                                                                                                                                                                                                                                                                                                                                                                                                                                                                                                                                                                                                                                                                  
---------- ---------- ---------- ---------- ---------- ---------- --------- ----------                                                                                                                                                                                                                                                                                                                                                                                                                                                                                                                                                                                                                                                                                                                                                                                                                                                                                                                                                  
       101 VEER       MANAGER         35000        500        105 01-JAN-91         10                                                                                                                                                                                                                                                                                                                                                                                                                                                                                                                                                                                                                                                                                                                                                                                                                                                                                                                                                  
       102 YASH       MANAGER         25000        400        105 15-JUN-95         20                                                                                                                                                                                                                                                                                                                                                                                                                                                                                                                                                                                                                                                                                                                                                                                                                                                                                                                                                  
       103 HARSH      MANAGER         30000        500        105 25-APR-93         30                                                                                                                                                                                                                                                                                                                                                                                                                                                                                                                                                                                                                                                                                                                                                                                                                                                                                                                                                  
       104 NAMAN      DEVELOPER       32000        300        101 21-MAR-91         10                                                                                                                                                                                                                                                                                                                                                                                                                                                                                                                                                                                                                                                                                                                                                                                                                                                                                                                                                  
       106 ABHI       DEVELOPER       28000        300        102 01-MAR-91         20                                                                                                                                                                                                                                                                                                                                                                                                                                                                                                                                                                                                                                                                                                                                                                                                                                                                                                                                                  
       112 harshita   manager         25000        200        105                                                                                                                                                                                                                                                                                                                                                                                                                                                                                                                                                                                                                                                                                                                                                                                                                                                                                                                                                                       

6 rows selected.

SQL> ed
Wrote file afiedt.buf

  1* alter table emp add column bonus number(3)
SQL> /
alter table emp add column bonus number(3)
                    *
ERROR at line 1:
ORA-00904: : invalid identifier 


SQL> ed
Wrote file afiedt.buf

  1* alter table emp add bonus number(3)
SQL> /

Table altered.

SQL> select * from emp;

     EMPNO ENAME      JOB               SAL       COMM        MGR HIREDATE      DEPTNO      BONUS                                                                                                                                                                                                                                                                                                                                                                                                                                                                                                                                                                                                                                                                                                                                                                                                                                                                                                                                       
---------- ---------- ---------- ---------- ---------- ---------- --------- ---------- ----------                                                                                                                                                                                                                                                                                                                                                                                                                                                                                                                                                                                                                                                                                                                                                                                                                                                                                                                                       
       101 VEER       MANAGER         35000        500        105 01-JAN-91         10                                                                                                                                                                                                                                                                                                                                                                                                                                                                                                                                                                                                                                                                                                                                                                                                                                                                                                                                                  
       102 YASH       MANAGER         25000        400        105 15-JUN-95         20                                                                                                                                                                                                                                                                                                                                                                                                                                                                                                                                                                                                                                                                                                                                                                                                                                                                                                                                                  
       103 HARSH      MANAGER         30000        500        105 25-APR-93         30                                                                                                                                                                                                                                                                                                                                                                                                                                                                                                                                                                                                                                                                                                                                                                                                                                                                                                                                                  
       104 NAMAN      DEVELOPER       32000        300        101 21-MAR-91         10                                                                                                                                                                                                                                                                                                                                                                                                                                                                                                                                                                                                                                                                                                                                                                                                                                                                                                                                                  
       105 AMAN       CEO             50000        900        105 01-JAN-91         10                                                                                                                                                                                                                                                                                                                                                                                                                                                                                                                                                                                                                                                                                                                                                                                                                                                                                                                                                  
       106 ABHI       DEVELOPER       28000        300        102 01-MAR-91         20                                                                                                                                                                                                                                                                                                                                                                                                                                                                                                                                                                                                                                                                                                                                                                                                                                                                                                                                                  
       107 ABHISHEK   DESIGNER        22000        200        106 14-MAR-92         30                                                                                                                                                                                                                                                                                                                                                                                                                                                                                                                                                                                                                                                                                                                                                                                                                                                                                                                                                  
       108 ABHINAV    DESIGNER        18000        100        106 24-MAR-92         10                                                                                                                                                                                                                                                                                                                                                                                                                                                                                                                                                                                                                                                                                                                                                                                                                                                                                                                                                  
       109 VIKAS      CLERK           12000        100        104 24-SEP-91         20                                                                                                                                                                                                                                                                                                                                                                                                                                                                                                                                                                                                                                                                                                                                                                                                                                                                                                                                                  
       110 VINAY      CLERK            8000        100        102 24-SEP-92         30                                                                                                                                                                                                                                                                                                                                                                                                                                                                                                                                                                                                                                                                                                                                                                                                                                                                                                                                                  
       111 VIJAY      manager         18000        100        105 24-SEP-92         10                                                                                                                                                                                                                                                                                                                                                                                                                                                                                                                                                                                                                                                                                                                                                                                                                                                                                                                                                  
       112 harshita   manager         25000        200        105                                                                                                                                                                                                                                                                                                                                                                                                                                                                                                                                                                                                                                                                                                                                                                                                                                                                                                                                                                       

12 rows selected.

SQL> ed
Wrote file afiedt.buf

  1* update emp set bonus=500
SQL> /

12 rows updated.

SQL> select * from emp;

     EMPNO ENAME      JOB               SAL       COMM        MGR HIREDATE      DEPTNO      BONUS                                                                                                                                                                                                                                                                                                                                                                                                                                                                                                                                                                                                                                                                                                                                                                                                                                                                                                                                       
---------- ---------- ---------- ---------- ---------- ---------- --------- ---------- ----------                                                                                                                                                                                                                                                                                                                                                                                                                                                                                                                                                                                                                                                                                                                                                                                                                                                                                                                                       
       101 VEER       MANAGER         35000        500        105 01-JAN-91         10        500                                                                                                                                                                                                                                                                                                                                                                                                                                                                                                                                                                                                                                                                                                                                                                                                                                                                                                                                       
       102 YASH       MANAGER         25000        400        105 15-JUN-95         20        500                                                                                                                                                                                                                                                                                                                                                                                                                                                                                                                                                                                                                                                                                                                                                                                                                                                                                                                                       
       103 HARSH      MANAGER         30000        500        105 25-APR-93         30        500                                                                                                                                                                                                                                                                                                                                                                                                                                                                                                                                                                                                                                                                                                                                                                                                                                                                                                                                       
       104 NAMAN      DEVELOPER       32000        300        101 21-MAR-91         10        500                                                                                                                                                                                                                                                                                                                                                                                                                                                                                                                                                                                                                                                                                                                                                                                                                                                                                                                                       
       105 AMAN       CEO             50000        900        105 01-JAN-91         10        500                                                                                                                                                                                                                                                                                                                                                                                                                                                                                                                                                                                                                                                                                                                                                                                                                                                                                                                                       
       106 ABHI       DEVELOPER       28000        300        102 01-MAR-91         20        500                                                                                                                                                                                                                                                                                                                                                                                                                                                                                                                                                                                                                                                                                                                                                                                                                                                                                                                                       
       107 ABHISHEK   DESIGNER        22000        200        106 14-MAR-92         30        500                                                                                                                                                                                                                                                                                                                                                                                                                                                                                                                                                                                                                                                                                                                                                                                                                                                                                                                                       
       108 ABHINAV    DESIGNER        18000        100        106 24-MAR-92         10        500                                                                                                                                                                                                                                                                                                                                                                                                                                                                                                                                                                                                                                                                                                                                                                                                                                                                                                                                       
       109 VIKAS      CLERK           12000        100        104 24-SEP-91         20        500                                                                                                                                                                                                                                                                                                                                                                                                                                                                                                                                                                                                                                                                                                                                                                                                                                                                                                                                       
       110 VINAY      CLERK            8000        100        102 24-SEP-92         30        500                                                                                                                                                                                                                                                                                                                                                                                                                                                                                                                                                                                                                                                                                                                                                                                                                                                                                                                                       
       111 VIJAY      manager         18000        100        105 24-SEP-92         10        500                                                                                                                                                                                                                                                                                                                                                                                                                                                                                                                                                                                                                                                                                                                                                                                                                                                                                                                                       
       112 harshita   manager         25000        200        105                             500                                                                                                                                                                                                                                                                                                                                                                                                                                                                                                                                                                                                                                                                                                                                                                                                                                                                                                                                       

12 rows selected.

SQL> desc emp;
 Name                                                                                                                                                                                                                                                                                                                                                                                                                                                                                                                                                                                                              Null?    Type
 ----------------------------------------------------------------------------------------------------------------------------------------------------------------------------------------------------------------------------------------------------------------------------------------------------------------------------------------------------------------------------------------------------------------------------------------------------------------------------------------------------------------------------------------------------------------------------------------------------------------- -------- ------------------------------------------------------------------------------------------------------------------------------------------------------------------------------------------------------------------------------------------------------------------------------------------------------------------------------------------------------------------------------------------------------------
 EMPNO                                                                                                                                                                                                                                                                                                                                                                                                                                                                                                                                                                                                                      NUMBER(5)
 ENAME                                                                                                                                                                                                                                                                                                                                                                                                                                                                                                                                                                                                                      VARCHAR2(10)
 JOB                                                                                                                                                                                                                                                                                                                                                                                                                                                                                                                                                                                                                        VARCHAR2(10)
 SAL                                                                                                                                                                                                                                                                                                                                                                                                                                                                                                                                                                                                                        NUMBER(8)
 COMM                                                                                                                                                                                                                                                                                                                                                                                                                                                                                                                                                                                                                       NUMBER(3)
 MGR                                                                                                                                                                                                                                                                                                                                                                                                                                                                                                                                                                                                                        NUMBER(5)
 HIREDATE                                                                                                                                                                                                                                                                                                                                                                                                                                                                                                                                                                                                                   DATE
 DEPTNO                                                                                                                                                                                                                                                                                                                                                                                                                                                                                                                                                                                                                     NUMBER(2)
 BONUS                                                                                                                                                                                                                                                                                                                                                                                                                                                                                                                                                                                                                      NUMBER(3)

SQL> ed
Wrote file afiedt.buf

  1* alter table emp modify bonus number(5)
SQL> /

Table altered.

SQL> ed
Wrote file afiedt.buf

  1* desc emp
SQL> /
desc emp
*
ERROR at line 1:
ORA-00900: invalid SQL statement 


SQL> desc emp;
 Name                                                                                                                                                                                                                                                                                                                                                                                                                                                                                                                                                                                                              Null?    Type
 ----------------------------------------------------------------------------------------------------------------------------------------------------------------------------------------------------------------------------------------------------------------------------------------------------------------------------------------------------------------------------------------------------------------------------------------------------------------------------------------------------------------------------------------------------------------------------------------------------------------- -------- ------------------------------------------------------------------------------------------------------------------------------------------------------------------------------------------------------------------------------------------------------------------------------------------------------------------------------------------------------------------------------------------------------------
 EMPNO                                                                                                                                                                                                                                                                                                                                                                                                                                                                                                                                                                                                                      NUMBER(5)
 ENAME                                                                                                                                                                                                                                                                                                                                                                                                                                                                                                                                                                                                                      VARCHAR2(10)
 JOB                                                                                                                                                                                                                                                                                                                                                                                                                                                                                                                                                                                                                        VARCHAR2(10)
 SAL                                                                                                                                                                                                                                                                                                                                                                                                                                                                                                                                                                                                                        NUMBER(8)
 COMM                                                                                                                                                                                                                                                                                                                                                                                                                                                                                                                                                                                                                       NUMBER(3)
 MGR                                                                                                                                                                                                                                                                                                                                                                                                                                                                                                                                                                                                                        NUMBER(5)
 HIREDATE                                                                                                                                                                                                                                                                                                                                                                                                                                                                                                                                                                                                                   DATE
 DEPTNO                                                                                                                                                                                                                                                                                                                                                                                                                                                                                                                                                                                                                     NUMBER(2)
 BONUS                                                                                                                                                                                                                                                                                                                                                                                                                                                                                                                                                                                                                      NUMBER(5)

SQL> ed
Wrote file afiedt.buf

  1* alter table emp drop column bonus
SQL> /

Table altered.

SQL> select * from emp;

     EMPNO ENAME      JOB               SAL       COMM        MGR HIREDATE      DEPTNO                                                                                                                                                                                                                                                                                                                                                                                                                                                                                                                                                                                                                                                                                                                                                                                                                                                                                                                                                  
---------- ---------- ---------- ---------- ---------- ---------- --------- ----------                                                                                                                                                                                                                                                                                                                                                                                                                                                                                                                                                                                                                                                                                                                                                                                                                                                                                                                                                  
       101 VEER       MANAGER         35000        500        105 01-JAN-91         10                                                                                                                                                                                                                                                                                                                                                                                                                                                                                                                                                                                                                                                                                                                                                                                                                                                                                                                                                  
       102 YASH       MANAGER         25000        400        105 15-JUN-95         20                                                                                                                                                                                                                                                                                                                                                                                                                                                                                                                                                                                                                                                                                                                                                                                                                                                                                                                                                  
       103 HARSH      MANAGER         30000        500        105 25-APR-93         30                                                                                                                                                                                                                                                                                                                                                                                                                                                                                                                                                                                                                                                                                                                                                                                                                                                                                                                                                  
       104 NAMAN      DEVELOPER       32000        300        101 21-MAR-91         10                                                                                                                                                                                                                                                                                                                                                                                                                                                                                                                                                                                                                                                                                                                                                                                                                                                                                                                                                  
       105 AMAN       CEO             50000        900        105 01-JAN-91         10                                                                                                                                                                                                                                                                                                                                                                                                                                                                                                                                                                                                                                                                                                                                                                                                                                                                                                                                                  
       106 ABHI       DEVELOPER       28000        300        102 01-MAR-91         20                                                                                                                                                                                                                                                                                                                                                                                                                                                                                                                                                                                                                                                                                                                                                                                                                                                                                                                                                  
       107 ABHISHEK   DESIGNER        22000        200        106 14-MAR-92         30                                                                                                                                                                                                                                                                                                                                                                                                                                                                                                                                                                                                                                                                                                                                                                                                                                                                                                                                                  
       108 ABHINAV    DESIGNER        18000        100        106 24-MAR-92         10                                                                                                                                                                                                                                                                                                                                                                                                                                                                                                                                                                                                                                                                                                                                                                                                                                                                                                                                                  
       109 VIKAS      CLERK           12000        100        104 24-SEP-91         20                                                                                                                                                                                                                                                                                                                                                                                                                                                                                                                                                                                                                                                                                                                                                                                                                                                                                                                                                  
       110 VINAY      CLERK            8000        100        102 24-SEP-92         30                                                                                                                                                                                                                                                                                                                                                                                                                                                                                                                                                                                                                                                                                                                                                                                                                                                                                                                                                  
       111 VIJAY      manager         18000        100        105 24-SEP-92         10                                                                                                                                                                                                                                                                                                                                                                                                                                                                                                                                                                                                                                                                                                                                                                                                                                                                                                                                                  
       112 harshita   manager         25000        200        105                                                                                                                                                                                                                                                                                                                                                                                                                                                                                                                                                                                                                                                                                                                                                                                                                                                                                                                                                                       

12 rows selected.

SQL> select * from tab;

TNAME                          TABTYPE  CLUSTERID                                                                                                                                                                                                                                                                                                                                                                                                                                                                                                                                                                                                                                                                                                                                                                                                                                                                                                                                                                                       
------------------------------ ------- ----------                                                                                                                                                                                                                                                                                                                                                                                                                                                                                                                                                                                                                                                                                                                                                                                                                                                                                                                                                                                       
EMP                            TABLE                                                                                                                                                                                                                                                                                                                                                                                                                                                                                                                                                                                                                                                                                                                                                                                                                                                                                                                                                                                                    
EMP2                           TABLE                                                                                                                                                                                                                                                                                                                                                                                                                                                                                                                                                                                                                                                                                                                                                                                                                                                                                                                                                                                                    

SQL> select * from emp2;

no rows selected

SQL> drop table emp2;

Table dropped.

SQL> create table emp1 as select * from emp;

Table created.

SQL> select * from emp1;

     EMPNO ENAME      JOB               SAL       COMM        MGR HIREDATE      DEPTNO                                                                                                                                                                                                                                                                                                                                                                                                                                                                                                                                                                                                                                                                                                                                                                                                                                                                                                                                                  
---------- ---------- ---------- ---------- ---------- ---------- --------- ----------                                                                                                                                                                                                                                                                                                                                                                                                                                                                                                                                                                                                                                                                                                                                                                                                                                                                                                                                                  
       101 VEER       MANAGER         35000        500        105 01-JAN-91         10                                                                                                                                                                                                                                                                                                                                                                                                                                                                                                                                                                                                                                                                                                                                                                                                                                                                                                                                                  
       102 YASH       MANAGER         25000        400        105 15-JUN-95         20                                                                                                                                                                                                                                                                                                                                                                                                                                                                                                                                                                                                                                                                                                                                                                                                                                                                                                                                                  
       103 HARSH      MANAGER         30000        500        105 25-APR-93         30                                                                                                                                                                                                                                                                                                                                                                                                                                                                                                                                                                                                                                                                                                                                                                                                                                                                                                                                                  
       104 NAMAN      DEVELOPER       32000        300        101 21-MAR-91         10                                                                                                                                                                                                                                                                                                                                                                                                                                                                                                                                                                                                                                                                                                                                                                                                                                                                                                                                                  
       105 AMAN       CEO             50000        900        105 01-JAN-91         10                                                                                                                                                                                                                                                                                                                                                                                                                                                                                                                                                                                                                                                                                                                                                                                                                                                                                                                                                  
       106 ABHI       DEVELOPER       28000        300        102 01-MAR-91         20                                                                                                                                                                                                                                                                                                                                                                                                                                                                                                                                                                                                                                                                                                                                                                                                                                                                                                                                                  
       107 ABHISHEK   DESIGNER        22000        200        106 14-MAR-92         30                                                                                                                                                                                                                                                                                                                                                                                                                                                                                                                                                                                                                                                                                                                                                                                                                                                                                                                                                  
       108 ABHINAV    DESIGNER        18000        100        106 24-MAR-92         10                                                                                                                                                                                                                                                                                                                                                                                                                                                                                                                                                                                                                                                                                                                                                                                                                                                                                                                                                  
       109 VIKAS      CLERK           12000        100        104 24-SEP-91         20                                                                                                                                                                                                                                                                                                                                                                                                                                                                                                                                                                                                                                                                                                                                                                                                                                                                                                                                                  
       110 VINAY      CLERK            8000        100        102 24-SEP-92         30                                                                                                                                                                                                                                                                                                                                                                                                                                                                                                                                                                                                                                                                                                                                                                                                                                                                                                                                                  
       111 VIJAY      manager         18000        100        105 24-SEP-92         10                                                                                                                                                                                                                                                                                                                                                                                                                                                                                                                                                                                                                                                                                                                                                                                                                                                                                                                                                  
       112 harshita   manager         25000        200        105                                                                                                                                                                                                                                                                                                                                                                                                                                                                                                                                                                                                                                                                                                                                                                                                                                                                                                                                                                       

12 rows selected.

SQL> commit;

Commit complete.

SQL> delete from emp1 where empno=112;

1 row deleted.

SQL> savepoint s1;

Savepoint created.

SQL> delete from emp1 where empno=111;

1 row deleted.

SQL> savepoint s2;

Savepoint created.

SQL> delete from emp1 where empno>105;

5 rows deleted.

SQL> rollback to s2;

Rollback complete.

SQL> select * from emp1;

     EMPNO ENAME      JOB               SAL       COMM        MGR HIREDATE      DEPTNO                                                                                                                                                                                                                                                                                                                                                                                                                                                                                                                                                                                                                                                                                                                                                                                                                                                                                                                                                  
---------- ---------- ---------- ---------- ---------- ---------- --------- ----------                                                                                                                                                                                                                                                                                                                                                                                                                                                                                                                                                                                                                                                                                                                                                                                                                                                                                                                                                  
       101 VEER       MANAGER         35000        500        105 01-JAN-91         10                                                                                                                                                                                                                                                                                                                                                                                                                                                                                                                                                                                                                                                                                                                                                                                                                                                                                                                                                  
       102 YASH       MANAGER         25000        400        105 15-JUN-95         20                                                                                                                                                                                                                                                                                                                                                                                                                                                                                                                                                                                                                                                                                                                                                                                                                                                                                                                                                  
       103 HARSH      MANAGER         30000        500        105 25-APR-93         30                                                                                                                                                                                                                                                                                                                                                                                                                                                                                                                                                                                                                                                                                                                                                                                                                                                                                                                                                  
       104 NAMAN      DEVELOPER       32000        300        101 21-MAR-91         10                                                                                                                                                                                                                                                                                                                                                                                                                                                                                                                                                                                                                                                                                                                                                                                                                                                                                                                                                  
       105 AMAN       CEO             50000        900        105 01-JAN-91         10                                                                                                                                                                                                                                                                                                                                                                                                                                                                                                                                                                                                                                                                                                                                                                                                                                                                                                                                                  
       106 ABHI       DEVELOPER       28000        300        102 01-MAR-91         20                                                                                                                                                                                                                                                                                                                                                                                                                                                                                                                                                                                                                                                                                                                                                                                                                                                                                                                                                  
       107 ABHISHEK   DESIGNER        22000        200        106 14-MAR-92         30                                                                                                                                                                                                                                                                                                                                                                                                                                                                                                                                                                                                                                                                                                                                                                                                                                                                                                                                                  
       108 ABHINAV    DESIGNER        18000        100        106 24-MAR-92         10                                                                                                                                                                                                                                                                                                                                                                                                                                                                                                                                                                                                                                                                                                                                                                                                                                                                                                                                                  
       109 VIKAS      CLERK           12000        100        104 24-SEP-91         20                                                                                                                                                                                                                                                                                                                                                                                                                                                                                                                                                                                                                                                                                                                                                                                                                                                                                                                                                  
       110 VINAY      CLERK            8000        100        102 24-SEP-92         30                                                                                                                                                                                                                                                                                                                                                                                                                                                                                                                                                                                                                                                                                                                                                                                                                                                                                                                                                  

10 rows selected.

SQL> commit;

Commit complete.

SQL> ed
Wrote file afiedt.buf

  1  create table dept(
  2  deptno number(3),
  3  dname varchar2(15),
  4  loc varchar2(10)
  5* )
SQL> /

Table created.

SQL> ed
Wrote file afiedt.buf

  1* insert into dept values(&dno,'&dnm','&loc')
SQL> /
Enter value for dno: 10
Enter value for dnm: ACCOUNTING
Enter value for loc: MUMBAI
old   1: insert into dept values(&dno,'&dnm','&loc')
new   1: insert into dept values(10,'ACCOUNTING','MUMBAI')

1 row created.

SQL> /
Enter value for dno: 20
Enter value for dnm: SALES
Enter value for loc: PUNE
old   1: insert into dept values(&dno,'&dnm','&loc')
new   1: insert into dept values(20,'SALES','PUNE')

1 row created.

SQL> /
Enter value for dno: 30
Enter value for dnm: RESEARCH
Enter value for loc: BANGLORE
old   1: insert into dept values(&dno,'&dnm','&loc')
new   1: insert into dept values(30,'RESEARCH','BANGLORE')

1 row created.

SQL> /
Enter value for dno: 40
Enter value for dnm: DEVELOPMENT
Enter value for loc: INDORE
old   1: insert into dept values(&dno,'&dnm','&loc')
new   1: insert into dept values(40,'DEVELOPMENT','INDORE')

1 row created.

SQL> commit;

Commit complete.

SQL> select * from emp;

     EMPNO ENAME      JOB               SAL       COMM        MGR HIREDATE      DEPTNO                                                                                                                                                                                                                                                                                                                                                                                                                                                                                                                                                                                                                                                                                                                                                                                                                                                                                                                                                  
---------- ---------- ---------- ---------- ---------- ---------- --------- ----------                                                                                                                                                                                                                                                                                                                                                                                                                                                                                                                                                                                                                                                                                                                                                                                                                                                                                                                                                  
       101 VEER       MANAGER         35000        500        105 01-JAN-91         10                                                                                                                                                                                                                                                                                                                                                                                                                                                                                                                                                                                                                                                                                                                                                                                                                                                                                                                                                  
       102 YASH       MANAGER         25000        400        105 15-JUN-95         20                                                                                                                                                                                                                                                                                                                                                                                                                                                                                                                                                                                                                                                                                                                                                                                                                                                                                                                                                  
       103 HARSH      MANAGER         30000        500        105 25-APR-93         30                                                                                                                                                                                                                                                                                                                                                                                                                                                                                                                                                                                                                                                                                                                                                                                                                                                                                                                                                  
       104 NAMAN      DEVELOPER       32000        300        101 21-MAR-91         10                                                                                                                                                                                                                                                                                                                                                                                                                                                                                                                                                                                                                                                                                                                                                                                                                                                                                                                                                  
       105 AMAN       CEO             50000        900        105 01-JAN-91         10                                                                                                                                                                                                                                                                                                                                                                                                                                                                                                                                                                                                                                                                                                                                                                                                                                                                                                                                                  
       106 ABHI       DEVELOPER       28000        300        102 01-MAR-91         20                                                                                                                                                                                                                                                                                                                                                                                                                                                                                                                                                                                                                                                                                                                                                                                                                                                                                                                                                  
       107 ABHISHEK   DESIGNER        22000        200        106 14-MAR-92         30                                                                                                                                                                                                                                                                                                                                                                                                                                                                                                                                                                                                                                                                                                                                                                                                                                                                                                                                                  
       108 ABHINAV    DESIGNER        18000        100        106 24-MAR-92         10                                                                                                                                                                                                                                                                                                                                                                                                                                                                                                                                                                                                                                                                                                                                                                                                                                                                                                                                                  
       109 VIKAS      CLERK           12000        100        104 24-SEP-91         20                                                                                                                                                                                                                                                                                                                                                                                                                                                                                                                                                                                                                                                                                                                                                                                                                                                                                                                                                  
       110 VINAY      CLERK            8000        100        102 24-SEP-92         30                                                                                                                                                                                                                                                                                                                                                                                                                                                                                                                                                                                                                                                                                                                                                                                                                                                                                                                                                  
       111 VIJAY      manager         18000        100        105 24-SEP-92         10                                                                                                                                                                                                                                                                                                                                                                                                                                                                                                                                                                                                                                                                                                                                                                                                                                                                                                                                                  
       112 harshita   manager         25000        200        105                                                                                                                                                                                                                                                                                                                                                                                                                                                                                                                                                                                                                                                                                                                                                                                                                                                                                                                                                                       

12 rows selected.

SQL> select * from dept;

    DEPTNO DNAME           LOC                                                                                                                                                                                                                                                                                                                                                                                                                                                                                                                                                                                                                                                                                                                                                                                                                                                                                                                                                                                                          
---------- --------------- ----------                                                                                                                                                                                                                                                                                                                                                                                                                                                                                                                                                                                                                                                                                                                                                                                                                                                                                                                                                                                                   
        10 ACCOUNTING      MUMBAI                                                                                                                                                                                                                                                                                                                                                                                                                                                                                                                                                                                                                                                                                                                                                                                                                                                                                                                                                                                                       
        20 SALES           PUNE                                                                                                                                                                                                                                                                                                                                                                                                                                                                                                                                                                                                                                                                                                                                                                                                                                                                                                                                                                                                         
        30 RESEARCH        BANGLORE                                                                                                                                                                                                                                                                                                                                                                                                                                                                                                                                                                                                                                                                                                                                                                                                                                                                                                                                                                                                     
        40 DEVELOPMENT     INDORE                                                                                                                                                                                                                                                                                                                                                                                                                                                                                                                                                                                                                                                                                                                                                                                                                                                                                                                                                                                                       

SQL> spool off;