SQL> set pages 30;
SQL> set lines 1000;
SQL> select * from emp;

     EMPNO ENAME      JOB               SAL       COMM        MGR HIREDATE      DEPTNO                                                                                                                                                                                                                                                                                                                                                                                                                                                                                                                                                                                                                                                                                                                                                                                                                                                                                                                                                  
---------- ---------- ---------- ---------- ---------- ---------- --------- ----------                                                                                                                                                                                                                                                                                                                                                                                                                                                                                                                                                                                                                                                                                                                                                                                                                                                                                                                                                  
       101 VEER       MANAGER         35000        500        105 01-JAN-91         10                                                                                                                                                                                                                                                                                                                                                                                                                                                                                                                                                                                                                                                                                                                                                                                                                                                                                                                                                  
       102 YASH       MANAGER         25000        400        105 15-JUN-95         20                                                                                                                                                                                                                                                                                                                                                                                                                                                                                                                                                                                                                                                                                                                                                                                                                                                                                                                                                  
       103 HARSH      MANAGER         30000        500        105 25-APR-93         30                                                                                                                                                                                                                                                                                                                                                                                                                                                                                                                                                                                                                                                                                                                                                                                                                                                                                                                                                  
       104 NAMAN      DEVELOPER       32000        300        101 21-MAR-91         10                                                                                                                                                                                                                                                                                                                                                                                                                                                                                                                                                                                                                                                                                                                                                                                                                                                                                                                                                  
       105 AMAN       CEO             50000        900        105 01-JAN-91         10                                                                                                                                                                                                                                                                                                                                                                                                                                                                                                                                                                                                                                                                                                                                                                                                                                                                                                                                                  
       106 ABHI       DEVELOPER       28000        300        102 01-MAR-91         20                                                                                                                                                                                                                                                                                                                                                                                                                                                                                                                                                                                                                                                                                                                                                                                                                                                                                                                                                  
       107 ABHISHEK   DESIGNER        22000        200        106 14-MAR-92         30                                                                                                                                                                                                                                                                                                                                                                                                                                                                                                                                                                                                                                                                                                                                                                                                                                                                                                                                                  
       108 ABHINAV    DESIGNER        18000        100        106 24-MAR-92         10                                                                                                                                                                                                                                                                                                                                                                                                                                                                                                                                                                                                                                                                                                                                                                                                                                                                                                                                                  
       109 VIKAS      CLERK           12000        100        104 24-SEP-91         20                                                                                                                                                                                                                                                                                                                                                                                                                                                                                                                                                                                                                                                                                                                                                                                                                                                                                                                                                  
       110 VINAY      CLERK            8000        100        102 24-SEP-92         30                                                                                                                                                                                                                                                                                                                                                                                                                                                                                                                                                                                                                                                                                                                                                                                                                                                                                                                                                  
       111 VIJAY      manager         18000        100        105 24-SEP-92         10                                                                                                                                                                                                                                                                                                                                                                                                                                                                                                                                                                                                                                                                                                                                                                                                                                                                                                                                                  
       112 harshita   manager         25000        200        105                                                                                                                                                                                                                                                                                                                                                                                                                                                                                                                                                                                                                                                                                                                                                                                                                                                                                                                                                                       

12 rows selected.

SQL> select * from dept;

    DEPTNO DNAME           LOC                                                                                                                                                                                                                                                                                                                                                                                                                                                                                                                                                                                                                                                                                                                                                                                                                                                                                                                                                                                                          
---------- --------------- ----------                                                                                                                                                                                                                                                                                                                                                                                                                                                                                                                                                                                                                                                                                                                                                                                                                                                                                                                                                                                                   
        10 ACCOUNTING      MUMBAI                                                                                                                                                                                                                                                                                                                                                                                                                                                                                                                                                                                                                                                                                                                                                                                                                                                                                                                                                                                                       
        20 SALES           PUNE                                                                                                                                                                                                                                                                                                                                                                                                                                                                                                                                                                                                                                                                                                                                                                                                                                                                                                                                                                                                         
        30 RESEARCH        BANGLORE                                                                                                                                                                                                                                                                                                                                                                                                                                                                                                                                                                                                                                                                                                                                                                                                                                                                                                                                                                                                     
        40 DEVELOPMENT     INDORE                                                                                                                                                                                                                                                                                                                                                                                                                                                                                                                                                                                                                                                                                                                                                                                                                                                                                                                                                                                                       

SQL> ed
Wrote file afiedt.buf

  1* select empno,ename,job,sal,dname,loc from emp,dept where emp.deptno=dept.deptno
SQL> /

     EMPNO ENAME      JOB               SAL DNAME           LOC                                                                                                                                                                                                                                                                                                                                                                                                                                                                                                                                                                                                                                                                                                                                                                                                                                                                                                                                                                         
---------- ---------- ---------- ---------- --------------- ----------                                                                                                                                                                                                                                                                                                                                                                                                                                                                                                                                                                                                                                                                                                                                                                                                                                                                                                                                                                  
       101 VEER       MANAGER         35000 ACCOUNTING      MUMBAI                                                                                                                                                                                                                                                                                                                                                                                                                                                                                                                                                                                                                                                                                                                                                                                                                                                                                                                                                                      
       102 YASH       MANAGER         25000 SALES           PUNE                                                                                                                                                                                                                                                                                                                                                                                                                                                                                                                                                                                                                                                                                                                                                                                                                                                                                                                                                                        
       103 HARSH      MANAGER         30000 RESEARCH        BANGLORE                                                                                                                                                                                                                                                                                                                                                                                                                                                                                                                                                                                                                                                                                                                                                                                                                                                                                                                                                                    
       104 NAMAN      DEVELOPER       32000 ACCOUNTING      MUMBAI                                                                                                                                                                                                                                                                                                                                                                                                                                                                                                                                                                                                                                                                                                                                                                                                                                                                                                                                                                      
       105 AMAN       CEO             50000 ACCOUNTING      MUMBAI                                                                                                                                                                                                                                                                                                                                                                                                                                                                                                                                                                                                                                                                                                                                                                                                                                                                                                                                                                      
       106 ABHI       DEVELOPER       28000 SALES           PUNE                                                                                                                                                                                                                                                                                                                                                                                                                                                                                                                                                                                                                                                                                                                                                                                                                                                                                                                                                                        
       107 ABHISHEK   DESIGNER        22000 RESEARCH        BANGLORE                                                                                                                                                                                                                                                                                                                                                                                                                                                                                                                                                                                                                                                                                                                                                                                                                                                                                                                                                                    
       108 ABHINAV    DESIGNER        18000 ACCOUNTING      MUMBAI                                                                                                                                                                                                                                                                                                                                                                                                                                                                                                                                                                                                                                                                                                                                                                                                                                                                                                                                                                      
       109 VIKAS      CLERK           12000 SALES           PUNE                                                                                                                                                                                                                                                                                                                                                                                                                                                                                                                                                                                                                                                                                                                                                                                                                                                                                                                                                                        
       110 VINAY      CLERK            8000 RESEARCH        BANGLORE                                                                                                                                                                                                                                                                                                                                                                                                                                                                                                                                                                                                                                                                                                                                                                                                                                                                                                                                                                    
       111 VIJAY      manager         18000 ACCOUNTING      MUMBAI                                                                                                                                                                                                                                                                                                                                                                                                                                                                                                                                                                                                                                                                                                                                                                                                                                                                                                                                                                      

11 rows selected.

SQL> ed
Wrote file afiedt.buf

  1* select empno,ename,job,sal,deptno,dname,loc from emp,dept where emp.deptno=dept.deptno
SQL> /
select empno,ename,job,sal,deptno,dname,loc from emp,dept where emp.deptno=dept.deptno
                           *
ERROR at line 1:
ORA-00918: column ambiguously defined 


SQL> ed
Wrote file afiedt.buf
select empno,ename,job,sal,dname,loc from emp,dept where emp.deptno=dept.deptno
SQL> /

     EMPNO ENAME      JOB               SAL     DEPTNO DNAME           LOC                                                                                                                                                                                                                                                                                                                                                                                                                                                                                                                                                                                                                                                                                                                                                                                                                                                                                                                                                              
---------- ---------- ---------- ---------- ---------- --------------- ----------                                                                                                                                                                                                                                                                                                                                                                                                                                                                                                                                                                                                                                                                                                                                                                                                                                                                                                                                                       
       101 VEER       MANAGER         35000         10 ACCOUNTING      MUMBAI                                                                                                                                                                                                                                                                                                                                                                                                                                                                                                                                                                                                                                                                                                                                                                                                                                                                                                                                                           
       102 YASH       MANAGER         25000         20 SALES           PUNE                                                                                                                                                                                                                                                                                                                                                                                                                                                                                                                                                                                                                                                                                                                                                                                                                                                                                                                                                             
       103 HARSH      MANAGER         30000         30 RESEARCH        BANGLORE                                                                                                                                                                                                                                                                                                                                                                                                                                                                                                                                                                                                                                                                                                                                                                                                                                                                                                                                                         
       104 NAMAN      DEVELOPER       32000         10 ACCOUNTING      MUMBAI                                                                                                                                                                                                                                                                                                                                                                                                                                                                                                                                                                                                                                                                                                                                                                                                                                                                                                                                                           
       105 AMAN       CEO             50000         10 ACCOUNTING      MUMBAI                                                                                                                                                                                                                                                                                                                                                                                                                                                                                                                                                                                                                                                                                                                                                                                                                                                                                                                                                           
       106 ABHI       DEVELOPER       28000         20 SALES           PUNE                                                                                                                                                                                                                                                                                                                                                                                                                                                                                                                                                                                                                                                                                                                                                                                                                                                                                                                                                             
       107 ABHISHEK   DESIGNER        22000         30 RESEARCH        BANGLORE                                                                                                                                                                                                                                                                                                                                                                                                                                                                                                                                                                                                                                                                                                                                                                                                                                                                                                                                                         
       108 ABHINAV    DESIGNER        18000         10 ACCOUNTING      MUMBAI                                                                                                                                                                                                                                                                                                                                                                                                                                                                                                                                                                                                                                                                                                                                                                                                                                                                                                                                                           
       109 VIKAS      CLERK           12000         20 SALES           PUNE                                                                                                                                                                                                                                                                                                                                                                                                                                                                                                                                                                                                                                                                                                                                                                                                                                                                                                                                                             
       110 VINAY      CLERK            8000         30 RESEARCH        BANGLORE                                                                                                                                                                                                                                                                                                                                                                                                                                                                                                                                                                                                                                                                                                                                                                                                                                                                                                                                                         
       111 VIJAY      manager         18000         10 ACCOUNTING      MUMBAI                                                                                                                                                                                                                                                                                                                                                                                                                                                                                                                                                                                                                                                                                                                                                                                                                                                                                                                                                           

11 rows selected.

SQL> ed
Wrote file afiedt.buf

  1* select empno,ename,job,sal,emp.deptno,dname,loc from emp,dept where emp.deptno=dept.deptno and loc='PUNE'
SQL> /

     EMPNO ENAME      JOB               SAL     DEPTNO DNAME           LOC                                                                                                                                                                                                                                                                                                                                                                                                                                                                                                                                                                                                                                                                                                                                                                                                                                                                                                                                                              
---------- ---------- ---------- ---------- ---------- --------------- ----------                                                                                                                                                                                                                                                                                                                                                                                                                                                                                                                                                                                                                                                                                                                                                                                                                                                                                                                                                       
       102 YASH       MANAGER         25000         20 SALES           PUNE                                                                                                                                                                                                                                                                                                                                                                                                                                                                                                                                                                                                                                                                                                                                                                                                                                                                                                                                                             
       106 ABHI       DEVELOPER       28000         20 SALES           PUNE                                                                                                                                                                                                                                                                                                                                                                                                                                                                                                                                                                                                                                                                                                                                                                                                                                                                                                                                                             
       109 VIKAS      CLERK           12000         20 SALES           PUNE                                                                                                                                                                                                                                                                                                                                                                                                                                                                                                                                                                                                                                                                                                                                                                                                                                                                                                                                                             

SQL> ed
Wrote file afiedt.buf

  1  select empno,ename,job,sal,emp.deptno,dname,loc from emp,dept where emp.deptno=dept.deptno 
  2* and dname in('ACCOUNTING','SALES')
SQL> /

     EMPNO ENAME      JOB               SAL     DEPTNO DNAME           LOC                                                                                                                                                                                                                                                                                                                                                                                                                                                                                                                                                                                                                                                                                                                                                                                                                                                                                                                                                              
---------- ---------- ---------- ---------- ---------- --------------- ----------                                                                                                                                                                                                                                                                                                                                                                                                                                                                                                                                                                                                                                                                                                                                                                                                                                                                                                                                                       
       101 VEER       MANAGER         35000         10 ACCOUNTING      MUMBAI                                                                                                                                                                                                                                                                                                                                                                                                                                                                                                                                                                                                                                                                                                                                                                                                                                                                                                                                                           
       102 YASH       MANAGER         25000         20 SALES           PUNE                                                                                                                                                                                                                                                                                                                                                                                                                                                                                                                                                                                                                                                                                                                                                                                                                                                                                                                                                             
       104 NAMAN      DEVELOPER       32000         10 ACCOUNTING      MUMBAI                                                                                                                                                                                                                                                                                                                                                                                                                                                                                                                                                                                                                                                                                                                                                                                                                                                                                                                                                           
       105 AMAN       CEO             50000         10 ACCOUNTING      MUMBAI                                                                                                                                                                                                                                                                                                                                                                                                                                                                                                                                                                                                                                                                                                                                                                                                                                                                                                                                                           
       106 ABHI       DEVELOPER       28000         20 SALES           PUNE                                                                                                                                                                                                                                                                                                                                                                                                                                                                                                                                                                                                                                                                                                                                                                                                                                                                                                                                                             
       108 ABHINAV    DESIGNER        18000         10 ACCOUNTING      MUMBAI                                                                                                                                                                                                                                                                                                                                                                                                                                                                                                                                                                                                                                                                                                                                                                                                                                                                                                                                                           
       109 VIKAS      CLERK           12000         20 SALES           PUNE                                                                                                                                                                                                                                                                                                                                                                                                                                                                                                                                                                                                                                                                                                                                                                                                                                                                                                                                                             
       111 VIJAY      manager         18000         10 ACCOUNTING      MUMBAI                                                                                                                                                                                                                                                                                                                                                                                                                                                                                                                                                                                                                                                                                                                                                                                                                                                                                                                                                           

8 rows selected.

SQL> ed
Wrote file afiedt.buf

  1  select empno,ename,job,sal,emp.deptno,dname,loc from emp,dept where emp.deptno=dept.deptno 
  2* and loc='MUMBAI' and ename like 'A%'
SQL> /

     EMPNO ENAME      JOB               SAL     DEPTNO DNAME           LOC                                                                                                                                                                                                                                                                                                                                                                                                                                                                                                                                                                                                                                                                                                                                                                                                                                                                                                                                                              
---------- ---------- ---------- ---------- ---------- --------------- ----------                                                                                                                                                                                                                                                                                                                                                                                                                                                                                                                                                                                                                                                                                                                                                                                                                                                                                                                                                       
       108 ABHINAV    DESIGNER        18000         10 ACCOUNTING      MUMBAI                                                                                                                                                                                                                                                                                                                                                                                                                                                                                                                                                                                                                                                                                                                                                                                                                                                                                                                                                           
       105 AMAN       CEO             50000         10 ACCOUNTING      MUMBAI                                                                                                                                                                                                                                                                                                                                                                                                                                                                                                                                                                                                                                                                                                                                                                                                                                                                                                                                                           

SQL> select * from emp;

     EMPNO ENAME      JOB               SAL       COMM        MGR HIREDATE      DEPTNO                                                                                                                                                                                                                                                                                                                                                                                                                                                                                                                                                                                                                                                                                                                                                                                                                                                                                                                                                  
---------- ---------- ---------- ---------- ---------- ---------- --------- ----------                                                                                                                                                                                                                                                                                                                                                                                                                                                                                                                                                                                                                                                                                                                                                                                                                                                                                                                                                  
       101 VEER       MANAGER         35000        500        105 01-JAN-91         10                                                                                                                                                                                                                                                                                                                                                                                                                                                                                                                                                                                                                                                                                                                                                                                                                                                                                                                                                  
       102 YASH       MANAGER         25000        400        105 15-JUN-95         20                                                                                                                                                                                                                                                                                                                                                                                                                                                                                                                                                                                                                                                                                                                                                                                                                                                                                                                                                  
       103 HARSH      MANAGER         30000        500        105 25-APR-93         30                                                                                                                                                                                                                                                                                                                                                                                                                                                                                                                                                                                                                                                                                                                                                                                                                                                                                                                                                  
       104 NAMAN      DEVELOPER       32000        300        101 21-MAR-91         10                                                                                                                                                                                                                                                                                                                                                                                                                                                                                                                                                                                                                                                                                                                                                                                                                                                                                                                                                  
       105 AMAN       CEO             50000        900        105 01-JAN-91         10                                                                                                                                                                                                                                                                                                                                                                                                                                                                                                                                                                                                                                                                                                                                                                                                                                                                                                                                                  
       106 ABHI       DEVELOPER       28000        300        102 01-MAR-91         20                                                                                                                                                                                                                                                                                                                                                                                                                                                                                                                                                                                                                                                                                                                                                                                                                                                                                                                                                  
       107 ABHISHEK   DESIGNER        22000        200        106 14-MAR-92         30                                                                                                                                                                                                                                                                                                                                                                                                                                                                                                                                                                                                                                                                                                                                                                                                                                                                                                                                                  
       108 ABHINAV    DESIGNER        18000        100        106 24-MAR-92         10                                                                                                                                                                                                                                                                                                                                                                                                                                                                                                                                                                                                                                                                                                                                                                                                                                                                                                                                                  
       109 VIKAS      CLERK           12000        100        104 24-SEP-91         20                                                                                                                                                                                                                                                                                                                                                                                                                                                                                                                                                                                                                                                                                                                                                                                                                                                                                                                                                  
       110 VINAY      CLERK            8000        100        102 24-SEP-92         30                                                                                                                                                                                                                                                                                                                                                                                                                                                                                                                                                                                                                                                                                                                                                                                                                                                                                                                                                  
       111 VIJAY      manager         18000        100        105 24-SEP-92         10                                                                                                                                                                                                                                                                                                                                                                                                                                                                                                                                                                                                                                                                                                                                                                                                                                                                                                                                                  
       112 harshita   manager         25000        200        105                                                                                                                                                                                                                                                                                                                                                                                                                                                                                                                                                                                                                                                                                                                                                                                                                                                                                                                                                                       

12 rows selected.

SQL> select * from dept;

    DEPTNO DNAME           LOC                                                                                                                                                                                                                                                                                                                                                                                                                                                                                                                                                                                                                                                                                                                                                                                                                                                                                                                                                                                                          
---------- --------------- ----------                                                                                                                                                                                                                                                                                                                                                                                                                                                                                                                                                                                                                                                                                                                                                                                                                                                                                                                                                                                                   
        10 ACCOUNTING      MUMBAI                                                                                                                                                                                                                                                                                                                                                                                                                                                                                                                                                                                                                                                                                                                                                                                                                                                                                                                                                                                                       
        20 SALES           PUNE                                                                                                                                                                                                                                                                                                                                                                                                                                                                                                                                                                                                                                                                                                                                                                                                                                                                                                                                                                                                         
        30 RESEARCH        BANGLORE                                                                                                                                                                                                                                                                                                                                                                                                                                                                                                                                                                                                                                                                                                                                                                                                                                                                                                                                                                                                     
        40 DEVELOPMENT     INDORE                                                                                                                                                                                                                                                                                                                                                                                                                                                                                                                                                                                                                                                                                                                                                                                                                                                                                                                                                                                                       

SQL> ed
Wrote file afiedt.buf

  1  select avg(sal),dname from emp,dept where emp.deptno=dept.deptno and
  2* loc='MUMBAI'
SQL> /
select avg(sal),dname from emp,dept where emp.deptno=dept.deptno and
                *
ERROR at line 1:
ORA-00937: not a single-group group function 


SQL> ed
Wrote file afiedt.buf

  1  select avg(sal) from emp,dept where emp.deptno=dept.deptno and
  2* loc='MUMBAI'
SQL> /

  AVG(SAL)                                                                                                                                                                                                                                                                                                                                                                                                                                                                                                                                                                                                                                                                                                                                                                                                                                                                                                                                                                                                                              
----------                                                                                                                                                                                                                                                                                                                                                                                                                                                                                                                                                                                                                                                                                                                                                                                                                                                                                                                                                                                                                              
     30600                                                                                                                                                                                                                                                                                                                                                                                                                                                                                                                                                                                                                                                                                                                                                                                                                                                                                                                                                                                                                              

SQL> select * from emp;

     EMPNO ENAME      JOB               SAL       COMM        MGR HIREDATE      DEPTNO                                                                                                                                                                                                                                                                                                                                                                                                                                                                                                                                                                                                                                                                                                                                                                                                                                                                                                                                                  
---------- ---------- ---------- ---------- ---------- ---------- --------- ----------                                                                                                                                                                                                                                                                                                                                                                                                                                                                                                                                                                                                                                                                                                                                                                                                                                                                                                                                                  
       101 VEER       MANAGER         35000        500        105 01-JAN-91         10                                                                                                                                                                                                                                                                                                                                                                                                                                                                                                                                                                                                                                                                                                                                                                                                                                                                                                                                                  
       102 YASH       MANAGER         25000        400        105 15-JUN-95         20                                                                                                                                                                                                                                                                                                                                                                                                                                                                                                                                                                                                                                                                                                                                                                                                                                                                                                                                                  
       103 HARSH      MANAGER         30000        500        105 25-APR-93         30                                                                                                                                                                                                                                                                                                                                                                                                                                                                                                                                                                                                                                                                                                                                                                                                                                                                                                                                                  
       104 NAMAN      DEVELOPER       32000        300        101 21-MAR-91         10                                                                                                                                                                                                                                                                                                                                                                                                                                                                                                                                                                                                                                                                                                                                                                                                                                                                                                                                                  
       105 AMAN       CEO             50000        900        105 01-JAN-91         10                                                                                                                                                                                                                                                                                                                                                                                                                                                                                                                                                                                                                                                                                                                                                                                                                                                                                                                                                  
       106 ABHI       DEVELOPER       28000        300        102 01-MAR-91         20                                                                                                                                                                                                                                                                                                                                                                                                                                                                                                                                                                                                                                                                                                                                                                                                                                                                                                                                                  
       107 ABHISHEK   DESIGNER        22000        200        106 14-MAR-92         30                                                                                                                                                                                                                                                                                                                                                                                                                                                                                                                                                                                                                                                                                                                                                                                                                                                                                                                                                  
       108 ABHINAV    DESIGNER        18000        100        106 24-MAR-92         10                                                                                                                                                                                                                                                                                                                                                                                                                                                                                                                                                                                                                                                                                                                                                                                                                                                                                                                                                  
       109 VIKAS      CLERK           12000        100        104 24-SEP-91         20                                                                                                                                                                                                                                                                                                                                                                                                                                                                                                                                                                                                                                                                                                                                                                                                                                                                                                                                                  
       110 VINAY      CLERK            8000        100        102 24-SEP-92         30                                                                                                                                                                                                                                                                                                                                                                                                                                                                                                                                                                                                                                                                                                                                                                                                                                                                                                                                                  
       111 VIJAY      manager         18000        100        105 24-SEP-92         10                                                                                                                                                                                                                                                                                                                                                                                                                                                                                                                                                                                                                                                                                                                                                                                                                                                                                                                                                  
       112 harshita   manager         25000        200        105                                                                                                                                                                                                                                                                                                                                                                                                                                                                                                                                                                                                                                                                                                                                                                                                                                                                                                                                                                       

12 rows selected.

SQL> select * from dept;

    DEPTNO DNAME           LOC                                                                                                                                                                                                                                                                                                                                                                                                                                                                                                                                                                                                                                                                                                                                                                                                                                                                                                                                                                                                          
---------- --------------- ----------                                                                                                                                                                                                                                                                                                                                                                                                                                                                                                                                                                                                                                                                                                                                                                                                                                                                                                                                                                                                   
        10 ACCOUNTING      MUMBAI                                                                                                                                                                                                                                                                                                                                                                                                                                                                                                                                                                                                                                                                                                                                                                                                                                                                                                                                                                                                       
        20 SALES           PUNE                                                                                                                                                                                                                                                                                                                                                                                                                                                                                                                                                                                                                                                                                                                                                                                                                                                                                                                                                                                                         
        30 RESEARCH        BANGLORE                                                                                                                                                                                                                                                                                                                                                                                                                                                                                                                                                                                                                                                                                                                                                                                                                                                                                                                                                                                                     
        40 DEVELOPMENT     INDORE                                                                                                                                                                                                                                                                                                                                                                                                                                                                                                                                                                                                                                                                                                                                                                                                                                                                                                                                                                                                       

SQL> ed
Wrote file afiedt.buf

  1* select loc,avg(sal) from emp,dept where emp.deptno=dept.deptno group by loc
SQL> /

LOC          AVG(SAL)                                                                                                                                                                                                                                                                                                                                                                                                                                                                                                                                                                                                                                                                                                                                                                                                                                                                                                                                                                                                                   
---------- ----------                                                                                                                                                                                                                                                                                                                                                                                                                                                                                                                                                                                                                                                                                                                                                                                                                                                                                                                                                                                                                   
MUMBAI          30600                                                                                                                                                                                                                                                                                                                                                                                                                                                                                                                                                                                                                                                                                                                                                                                                                                                                                                                                                                                                                   
BANGLORE        20000                                                                                                                                                                                                                                                                                                                                                                                                                                                                                                                                                                                                                                                                                                                                                                                                                                                                                                                                                                                                                   
PUNE       21666.6667                                                                                                                                                                                                                                                                                                                                                                                                                                                                                                                                                                                                                                                                                                                                                                                                                                                                                                                                                                                                                   

SQL> ed
Wrote file afiedt.buf

  1  select ename,job,sal,dname,loc from emp,dept where loc in('MUMBAI','PUNE') and upper(job)
  2*  in('MANAGER','DEVELOPER')
SQL> /

ENAME      JOB               SAL DNAME           LOC                                                                                                                                                                                                                                                                                                                                                                                                                                                                                                                                                                                                                                                                                                                                                                                                                                                                                                                                                                                    
---------- ---------- ---------- --------------- ----------                                                                                                                                                                                                                                                                                                                                                                                                                                                                                                                                                                                                                                                                                                                                                                                                                                                                                                                                                                             
VEER       MANAGER         35000 ACCOUNTING      MUMBAI                                                                                                                                                                                                                                                                                                                                                                                                                                                                                                                                                                                                                                                                                                                                                                                                                                                                                                                                                                                 
VEER       MANAGER         35000 SALES           PUNE                                                                                                                                                                                                                                                                                                                                                                                                                                                                                                                                                                                                                                                                                                                                                                                                                                                                                                                                                                                   
YASH       MANAGER         25000 ACCOUNTING      MUMBAI                                                                                                                                                                                                                                                                                                                                                                                                                                                                                                                                                                                                                                                                                                                                                                                                                                                                                                                                                                                 
YASH       MANAGER         25000 SALES           PUNE                                                                                                                                                                                                                                                                                                                                                                                                                                                                                                                                                                                                                                                                                                                                                                                                                                                                                                                                                                                   
HARSH      MANAGER         30000 ACCOUNTING      MUMBAI                                                                                                                                                                                                                                                                                                                                                                                                                                                                                                                                                                                                                                                                                                                                                                                                                                                                                                                                                                                 
HARSH      MANAGER         30000 SALES           PUNE                                                                                                                                                                                                                                                                                                                                                                                                                                                                                                                                                                                                                                                                                                                                                                                                                                                                                                                                                                                   
NAMAN      DEVELOPER       32000 ACCOUNTING      MUMBAI                                                                                                                                                                                                                                                                                                                                                                                                                                                                                                                                                                                                                                                                                                                                                                                                                                                                                                                                                                                 
NAMAN      DEVELOPER       32000 SALES           PUNE                                                                                                                                                                                                                                                                                                                                                                                                                                                                                                                                                                                                                                                                                                                                                                                                                                                                                                                                                                                   
ABHI       DEVELOPER       28000 ACCOUNTING      MUMBAI                                                                                                                                                                                                                                                                                                                                                                                                                                                                                                                                                                                                                                                                                                                                                                                                                                                                                                                                                                                 
ABHI       DEVELOPER       28000 SALES           PUNE                                                                                                                                                                                                                                                                                                                                                                                                                                                                                                                                                                                                                                                                                                                                                                                                                                                                                                                                                                                   
VIJAY      manager         18000 ACCOUNTING      MUMBAI                                                                                                                                                                                                                                                                                                                                                                                                                                                                                                                                                                                                                                                                                                                                                                                                                                                                                                                                                                                 
VIJAY      manager         18000 SALES           PUNE                                                                                                                                                                                                                                                                                                                                                                                                                                                                                                                                                                                                                                                                                                                                                                                                                                                                                                                                                                                   
harshita   manager         25000 ACCOUNTING      MUMBAI                                                                                                                                                                                                                                                                                                                                                                                                                                                                                                                                                                                                                                                                                                                                                                                                                                                                                                                                                                                 
harshita   manager         25000 SALES           PUNE                                                                                                                                                                                                                                                                                                                                                                                                                                                                                                                                                                                                                                                                                                                                                                                                                                                                                                                                                                                   

14 rows selected.

SQL> ed
Wrote file afiedt.buf

  1  select ename,job,sal,dname,loc from emp,dept where emp.deptno=dept.deptno and loc 
  2* in('MUMBAI','PUNE') and upper(job) in('MANAGER','DEVELOPER')
SQL> /

ENAME      JOB               SAL DNAME           LOC                                                                                                                                                                                                                                                                                                                                                                                                                                                                                                                                                                                                                                                                                                                                                                                                                                                                                                                                                                                    
---------- ---------- ---------- --------------- ----------                                                                                                                                                                                                                                                                                                                                                                                                                                                                                                                                                                                                                                                                                                                                                                                                                                                                                                                                                                             
VIJAY      manager         18000 ACCOUNTING      MUMBAI                                                                                                                                                                                                                                                                                                                                                                                                                                                                                                                                                                                                                                                                                                                                                                                                                                                                                                                                                                                 
NAMAN      DEVELOPER       32000 ACCOUNTING      MUMBAI                                                                                                                                                                                                                                                                                                                                                                                                                                                                                                                                                                                                                                                                                                                                                                                                                                                                                                                                                                                 
VEER       MANAGER         35000 ACCOUNTING      MUMBAI                                                                                                                                                                                                                                                                                                                                                                                                                                                                                                                                                                                                                                                                                                                                                                                                                                                                                                                                                                                 
ABHI       DEVELOPER       28000 SALES           PUNE                                                                                                                                                                                                                                                                                                                                                                                                                                                                                                                                                                                                                                                                                                                                                                                                                                                                                                                                                                                   
YASH       MANAGER         25000 SALES           PUNE                                                                                                                                                                                                                                                                                                                                                                                                                                                                                                                                                                                                                                                                                                                                                                                                                                                                                                                                                                                   

SQL> ed
Wrote file afiedt.buf

  1  select ename,job,sal,dname,loc from emp,dept where emp.deptno=dept.deptno and loc 
  2* in('MUMBAI','PUNE') and upper(job) in('MANAGER','DEVELOPER')
SQL> /

ENAME      JOB               SAL DNAME           LOC                                                                                                                                                                                                                                                                                                                                                                                                                                                                                                                                                                                                                                                                                                                                                                                                                                                                                                                                                                                    
---------- ---------- ---------- --------------- ----------                                                                                                                                                                                                                                                                                                                                                                                                                                                                                                                                                                                                                                                                                                                                                                                                                                                                                                                                                                             
VEER       MANAGER         35000 ACCOUNTING      MUMBAI                                                                                                                                                                                                                                                                                                                                                                                                                                                                                                                                                                                                                                                                                                                                                                                                                                                                                                                                                                                 
YASH       MANAGER         25000 SALES           PUNE                                                                                                                                                                                                                                                                                                                                                                                                                                                                                                                                                                                                                                                                                                                                                                                                                                                                                                                                                                                   
NAMAN      DEVELOPER       32000 ACCOUNTING      MUMBAI                                                                                                                                                                                                                                                                                                                                                                                                                                                                                                                                                                                                                                                                                                                                                                                                                                                                                                                                                                                 
ABHI       DEVELOPER       28000 SALES           PUNE                                                                                                                                                                                                                                                                                                                                                                                                                                                                                                                                                                                                                                                                                                                                                                                                                                                                                                                                                                                   
VIJAY      manager         18000 ACCOUNTING      MUMBAI                                                                                                                                                                                                                                                                                                                                                                                                                                                                                                                                                                                                                                                                                                                                                                                                                                                                                                                                                                                 

SQL> select * from emp;

     EMPNO ENAME      JOB               SAL       COMM        MGR HIREDATE      DEPTNO                                                                                                                                                                                                                                                                                                                                                                                                                                                                                                                                                                                                                                                                                                                                                                                                                                                                                                                                                  
---------- ---------- ---------- ---------- ---------- ---------- --------- ----------                                                                                                                                                                                                                                                                                                                                                                                                                                                                                                                                                                                                                                                                                                                                                                                                                                                                                                                                                  
       101 VEER       MANAGER         35000        500        105 01-JAN-91         10                                                                                                                                                                                                                                                                                                                                                                                                                                                                                                                                                                                                                                                                                                                                                                                                                                                                                                                                                  
       102 YASH       MANAGER         25000        400        105 15-JUN-95         20                                                                                                                                                                                                                                                                                                                                                                                                                                                                                                                                                                                                                                                                                                                                                                                                                                                                                                                                                  
       103 HARSH      MANAGER         30000        500        105 25-APR-93         30                                                                                                                                                                                                                                                                                                                                                                                                                                                                                                                                                                                                                                                                                                                                                                                                                                                                                                                                                  
       104 NAMAN      DEVELOPER       32000        300        101 21-MAR-91         10                                                                                                                                                                                                                                                                                                                                                                                                                                                                                                                                                                                                                                                                                                                                                                                                                                                                                                                                                  
       105 AMAN       CEO             50000        900        105 01-JAN-91         10                                                                                                                                                                                                                                                                                                                                                                                                                                                                                                                                                                                                                                                                                                                                                                                                                                                                                                                                                  
       106 ABHI       DEVELOPER       28000        300        102 01-MAR-91         20                                                                                                                                                                                                                                                                                                                                                                                                                                                                                                                                                                                                                                                                                                                                                                                                                                                                                                                                                  
       107 ABHISHEK   DESIGNER        22000        200        106 14-MAR-92         30                                                                                                                                                                                                                                                                                                                                                                                                                                                                                                                                                                                                                                                                                                                                                                                                                                                                                                                                                  
       108 ABHINAV    DESIGNER        18000        100        106 24-MAR-92         10                                                                                                                                                                                                                                                                                                                                                                                                                                                                                                                                                                                                                                                                                                                                                                                                                                                                                                                                                  
       109 VIKAS      CLERK           12000        100        104 24-SEP-91         20                                                                                                                                                                                                                                                                                                                                                                                                                                                                                                                                                                                                                                                                                                                                                                                                                                                                                                                                                  
       110 VINAY      CLERK            8000        100        102 24-SEP-92         30                                                                                                                                                                                                                                                                                                                                                                                                                                                                                                                                                                                                                                                                                                                                                                                                                                                                                                                                                  
       111 VIJAY      manager         18000        100        105 24-SEP-92         10                                                                                                                                                                                                                                                                                                                                                                                                                                                                                                                                                                                                                                                                                                                                                                                                                                                                                                                                                  
       112 harshita   manager         25000        200        105                                                                                                                                                                                                                                                                                                                                                                                                                                                                                                                                                                                                                                                                                                                                                                                                                                                                                                                                                                       

12 rows selected.

SQL> select * from dept;

    DEPTNO DNAME           LOC                                                                                                                                                                                                                                                                                                                                                                                                                                                                                                                                                                                                                                                                                                                                                                                                                                                                                                                                                                                                          
---------- --------------- ----------                                                                                                                                                                                                                                                                                                                                                                                                                                                                                                                                                                                                                                                                                                                                                                                                                                                                                                                                                                                                   
        10 ACCOUNTING      MUMBAI                                                                                                                                                                                                                                                                                                                                                                                                                                                                                                                                                                                                                                                                                                                                                                                                                                                                                                                                                                                                       
        20 SALES           PUNE                                                                                                                                                                                                                                                                                                                                                                                                                                                                                                                                                                                                                                                                                                                                                                                                                                                                                                                                                                                                         
        30 RESEARCH        BANGLORE                                                                                                                                                                                                                                                                                                                                                                                                                                                                                                                                                                                                                                                                                                                                                                                                                                                                                                                                                                                                     
        40 DEVELOPMENT     INDORE                                                                                                                                                                                                                                                                                                                                                                                                                                                                                                                                                                                                                                                                                                                                                                                                                                                                                                                                                                                                       

SQL> ed
Wrote file afiedt.buf

  1  select ename,dob,sal,loc,dname from emp,dept where emp.deptno=dept.deptno and loc='MUMBAI'
  2* and hiredate between '01-JAN-91' and '31-DEC-91'
SQL> /
select ename,dob,sal,loc,dname from emp,dept where emp.deptno=dept.deptno and loc='MUMBAI'
             *
ERROR at line 1:
ORA-00904: "DOB": invalid identifier 


SQL> ed
Wrote file afiedt.buf

  1  select ename,job,sal,loc,dname from emp,dept where emp.deptno=dept.deptno and loc='MUMBAI'
  2* and hiredate between '01-JAN-91' and '31-DEC-91'
SQL> /

ENAME      JOB               SAL LOC        DNAME                                                                                                                                                                                                                                                                                                                                                                                                                                                                                                                                                                                                                                                                                                                                                                                                                                                                                                                                                                                       
---------- ---------- ---------- ---------- ---------------                                                                                                                                                                                                                                                                                                                                                                                                                                                                                                                                                                                                                                                                                                                                                                                                                                                                                                                                                                             
VEER       MANAGER         35000 MUMBAI     ACCOUNTING                                                                                                                                                                                                                                                                                                                                                                                                                                                                                                                                                                                                                                                                                                                                                                                                                                                                                                                                                                                  
NAMAN      DEVELOPER       32000 MUMBAI     ACCOUNTING                                                                                                                                                                                                                                                                                                                                                                                                                                                                                                                                                                                                                                                                                                                                                                                                                                                                                                                                                                                  
AMAN       CEO             50000 MUMBAI     ACCOUNTING                                                                                                                                                                                                                                                                                                                                                                                                                                                                                                                                                                                                                                                                                                                                                                                                                                                                                                                                                                                  

SQL> ed
Wrote file afiedt.buf

  1  select ename,job,sal,loc,dname from emp,dept where emp.deptno=dept.deptno and loc='MUMBAI'
  2* and hiredate between '01-JAN-91' and '31-DEC-91'
SQL> /

ENAME      JOB               SAL LOC        DNAME                                                                                                                                                                                                                                                                                                                                                                                                                                                                                                                                                                                                                                                                                                                                                                                                                                                                                                                                                                                       
---------- ---------- ---------- ---------- ---------------                                                                                                                                                                                                                                                                                                                                                                                                                                                                                                                                                                                                                                                                                                                                                                                                                                                                                                                                                                             
VEER       MANAGER         35000 MUMBAI     ACCOUNTING                                                                                                                                                                                                                                                                                                                                                                                                                                                                                                                                                                                                                                                                                                                                                                                                                                                                                                                                                                                  
NAMAN      DEVELOPER       32000 MUMBAI     ACCOUNTING                                                                                                                                                                                                                                                                                                                                                                                                                                                                                                                                                                                                                                                                                                                                                                                                                                                                                                                                                                                  
AMAN       CEO             50000 MUMBAI     ACCOUNTING                                                                                                                                                                                                                                                                                                                                                                                                                                                                                                                                                                                                                                                                                                                                                                                                                                                                                                                                                                                  

SQL> select * from emp;

     EMPNO ENAME      JOB               SAL       COMM        MGR HIREDATE      DEPTNO                                                                                                                                                                                                                                                                                                                                                                                                                                                                                                                                                                                                                                                                                                                                                                                                                                                                                                                                                  
---------- ---------- ---------- ---------- ---------- ---------- --------- ----------                                                                                                                                                                                                                                                                                                                                                                                                                                                                                                                                                                                                                                                                                                                                                                                                                                                                                                                                                  
       101 VEER       MANAGER         35000        500        105 01-JAN-91         10                                                                                                                                                                                                                                                                                                                                                                                                                                                                                                                                                                                                                                                                                                                                                                                                                                                                                                                                                  
       102 YASH       MANAGER         25000        400        105 15-JUN-95         20                                                                                                                                                                                                                                                                                                                                                                                                                                                                                                                                                                                                                                                                                                                                                                                                                                                                                                                                                  
       103 HARSH      MANAGER         30000        500        105 25-APR-93         30                                                                                                                                                                                                                                                                                                                                                                                                                                                                                                                                                                                                                                                                                                                                                                                                                                                                                                                                                  
       104 NAMAN      DEVELOPER       32000        300        101 21-MAR-91         10                                                                                                                                                                                                                                                                                                                                                                                                                                                                                                                                                                                                                                                                                                                                                                                                                                                                                                                                                  
       105 AMAN       CEO             50000        900        105 01-JAN-91         10                                                                                                                                                                                                                                                                                                                                                                                                                                                                                                                                                                                                                                                                                                                                                                                                                                                                                                                                                  
       106 ABHI       DEVELOPER       28000        300        102 01-MAR-91         20                                                                                                                                                                                                                                                                                                                                                                                                                                                                                                                                                                                                                                                                                                                                                                                                                                                                                                                                                  
       107 ABHISHEK   DESIGNER        22000        200        106 14-MAR-92         30                                                                                                                                                                                                                                                                                                                                                                                                                                                                                                                                                                                                                                                                                                                                                                                                                                                                                                                                                  
       108 ABHINAV    DESIGNER        18000        100        106 24-MAR-92         10                                                                                                                                                                                                                                                                                                                                                                                                                                                                                                                                                                                                                                                                                                                                                                                                                                                                                                                                                  
       109 VIKAS      CLERK           12000        100        104 24-SEP-91         20                                                                                                                                                                                                                                                                                                                                                                                                                                                                                                                                                                                                                                                                                                                                                                                                                                                                                                                                                  
       110 VINAY      CLERK            8000        100        102 24-SEP-92         30                                                                                                                                                                                                                                                                                                                                                                                                                                                                                                                                                                                                                                                                                                                                                                                                                                                                                                                                                  
       111 VIJAY      manager         18000        100        105 24-SEP-92         10                                                                                                                                                                                                                                                                                                                                                                                                                                                                                                                                                                                                                                                                                                                                                                                                                                                                                                                                                  
       112 harshita   manager         25000        200        105                                                                                                                                                                                                                                                                                                                                                                                                                                                                                                                                                                                                                                                                                                                                                                                                                                                                                                                                                                       

12 rows selected.

SQL> select * from dept;

    DEPTNO DNAME           LOC                                                                                                                                                                                                                                                                                                                                                                                                                                                                                                                                                                                                                                                                                                                                                                                                                                                                                                                                                                                                          
---------- --------------- ----------                                                                                                                                                                                                                                                                                                                                                                                                                                                                                                                                                                                                                                                                                                                                                                                                                                                                                                                                                                                                   
        10 ACCOUNTING      MUMBAI                                                                                                                                                                                                                                                                                                                                                                                                                                                                                                                                                                                                                                                                                                                                                                                                                                                                                                                                                                                                       
        20 SALES           PUNE                                                                                                                                                                                                                                                                                                                                                                                                                                                                                                                                                                                                                                                                                                                                                                                                                                                                                                                                                                                                         
        30 RESEARCH        BANGLORE                                                                                                                                                                                                                                                                                                                                                                                                                                                                                                                                                                                                                                                                                                                                                                                                                                                                                                                                                                                                     
        40 DEVELOPMENT     INDORE                                                                                                                                                                                                                                                                                                                                                                                                                                                                                                                                                                                                                                                                                                                                                                                                                                                                                                                                                                                                       

SQL> spool off;